{
    "success":true,
    "terms":"https:\/\/currencylayer.com\/terms",
    "privacy":"https:\/\/currencylayer.com\/privacy",
    "timestamp":1521984251,
    "source":"USD",
    "quotes":{
        "USDAED":3.672404,
        "USDAFN":68.930404,
        "USDALL":104.800003,
        "USDAMD":479.670013,
        "USDANG":1.780403,
        "USDAOA":214.358994,
        "USDARS":20.160999,
        "USDAUD":1.298504,
        "USDAWG":1.78,
        "USDAZN":1.699504,
        "USDBAM":1.585404,
        "USDBBD":2,
        "USDBDT":83.889999,
        "USDBGN":1.584204,
        "USDBHD":0.376904,
        "USDBIF":1750.97998,
        "USDBMD":1,
        "USDBND":1.316504,
        "USDBOB":6.850399,
        "USDBRL":3.311704,
        "USDBSD":1,
        "USDBTC":0.000118,
        "USDBTN":65.074997,
        "USDBWP":9.537041,
        "USDBYN":1.950398,
        "USDBYR":19600,
        "USDBZD":1.997804,
        "USDCAD":1.288904,
        "USDCDF":1565.50392,
        "USDCHF":0.946904,
        "USDCLF":0.02231,
        "USDCLP":608.22998,
        "USDCNY":6.310904,
        "USDCOP":2841.5,
        "USDCRC":561.77002,
        "USDCUC":1,
        "USDCUP":26.5,
        "USDCVE":89.269997,
        "USDCZK":20.55904,
        "USDDJF":176.830002,
        "USDDKK":6.02913,
        "USDDOP":49.770393,
        "USDDZD":113.574997,
        "USDEGP":17.580393,
        "USDERN":15.280392,
        "USDETB":27.200001,
        "USDEUR":0.808904,
        "USDFJD":2.01604,
        "USDFKP":0.706804,
        "USDGBP":0.70767,
        "USDGEL":2.421404,
        "USDGGP":0.707692,
        "USDGHS":4.392504,
        "USDGIP":0.70704,
        "USDGMD":47.099998,
        "USDGNF":9002.000355,
        "USDGTQ":7.33604,
        "USDGYD":204.229996,
        "USDHKD":7.844604,
        "USDHNL":23.577999,
        "USDHRK":6.024904,
        "USDHTG":64.599998,
        "USDHUF":253.070007,
        "USDIDR":13780,
        "USDILS":3.480404,
        "USDIMP":0.707692,
        "USDINR":64.978996,
        "USDIQD":1184,
        "USDIRR":37690.000352,
        "USDISK":98.599998,
        "USDJEP":0.707692,
        "USDJMD":125.860001,
        "USDJOD":0.707504,
        "USDJPY":104.728996,
        "USDKES":100.699997,
        "USDKGS":68.143097,
        "USDKHR":3980.000351,
        "USDKMF":397.690002,
        "USDKPW":900.00035,
        "USDKRW":1082.369995,
        "USDKWD":0.299204,
        "USDKYD":0.820383,
        "USDKZT":320.600006,
        "USDLAK":8279.000349,
        "USDLBP":1505.699951,
        "USDLKR":156.100006,
        "USDLRD":131.110001,
        "USDLSL":11.745039,
        "USDLTL":3.048704,
        "USDLVL":0.62055,
        "USDLYD":1.324804,
        "USDMAD":9.160381,
        "USDMDL":16.447001,
        "USDMGA":3170.000347,
        "USDMKD":49.560001,
        "USDMMK":1336.000346,
        "USDMNT":2392.000346,
        "USDMOP":8.078504,
        "USDMRO":351.000346,
        "USDMUR":32.900002,
        "USDMVR":15.570378,
        "USDMWK":713.400024,
        "USDMXN":18.509001,
        "USDMYR":3.915039,
        "USDMZN":61.330002,
        "USDNAD":11.735039,
        "USDNGN":357.000344,
        "USDNIO":30.920377,
        "USDNOK":7.755404,
        "USDNPR":104.000343,
        "USDNZD":1.381404,
        "USDOMR":0.384804,
        "USDPAB":1,
        "USDPEN":3.221504,
        "USDPGK":3.155039,
        "USDPHP":52.369999,
        "USDPKR":115.150002,
        "USDPLN":3.422404,
        "USDPYG":5552.000341,
        "USDQAR":3.639804,
        "USDRON":3.772204,
        "USDRSD":95.676903,
        "USDRUB":57.223038,
        "USDRWF":842.929993,
        "USDSAR":3.749604,
        "USDSBD":7.743404,
        "USDSCR":13.438038,
        "USDSDG":18.051201,
        "USDSEK":8.218404,
        "USDSGD":1.31484,
        "USDSHP":0.707038,
        "USDSLL":7630.000339,
        "USDSOS":560.000338,
        "USDSRD":7.403664,
        "USDSTD":19836.400391,
        "USDSVC":8.75037,
        "USDSYP":514.97998,
        "USDSZL":11.720904,
        "USDTHB":31.17037,
        "USDTJS":8.825604,
        "USDTMT":3.4,
        "USDTND":2.390604,
        "USDTOP":2.248204,
        "USDTRY":3.981404,
        "USDTTD":6.757504,
        "USDTWD":29.174999,
        "USDTZS":2252.000336,
        "USDUAH":26.240367,
        "USDUGX":3654.000335,
        "USDUSD":1,
        "USDUYU":28.410367,
        "USDUZS":8131.000335,
        "USDVEF":43870.000334,
        "USDVND":22801,
        "USDVUV":105.150002,
        "USDWST":2.534904,
        "USDXAF":530.48999,
        "USDXAG":0.060374,
        "USDXAU":0.000742,
        "USDXCD":2.703606,
        "USDXDR":0.686991,
        "USDXOF":530.48999,
        "USDXPF":96.9036,
        "USDYER":249.899994,
        "USDZAR":11.735104,
        "USDZMK":9001.203593,
        "USDZMW":9.430363,
        "USDZWL":322.355011
    }
}
